Centre,Comunidad,Provincia,Dirección Suministro,Geo-Loaction,Estado Rótulo,Licencia Rótulo
"Via Augusta 18, Pta. 2",Catalunya,Barcelona,"VIA AUGUSTA 18, NO USAR, E-1 2","41.39708, 2.15485",Good,
Via Augusta 36,Catalunya,Barcelona,"VIA AUGUSTA 34, BJO","41.39797, 2.15398",Good,
Via Augusta 48,Catalunya,Barcelona,"VIA AUGUSTA 48, 3-3","41.39841, 2.15376",Good,
Pineda de Mar,Catalunya,Barcelona,"MONTPALAU 6, GESTORIA","41.62799, 2.68817",Good,
Berga,Catalunya,Barcelona,"PZ CIM D' ESTELA 9, LOC, .","42.10506, 1.85174",Good,
Vilanova i la Geltrú,Catalunya,Barcelona,"Rambla Samá, 81-83","41.22012, 1.72454",Good,
Badalona,Catalunya,Barcelona,CREU 27-LOCAL 2 I.IGLESIAS 2,"41.44885, 2.24502",Good,
Guadalhorce,Andalucia,Málaga,"CARLO GOLDONI (PG.GUADALHORCE) 84, LOC","36.69845, -4.49216",Good,
"Via Augusta 18, Pta. 3",Catalunya,Barcelona,"VIA AUGUSTA 18, NO USAR, E-1 3-1, Y 3ª 2ª","41.39708, 2.15485",Good,
"Via Augusta 18, Pta. 2",Catalunya,Barcelona,"VIA AUGUSTA 18, NO USAR, E-1 6","41.39708, 2.15485",Good,
"Via Augusta 18, ENT.",Catalunya,Barcelona,"VIA AUGUSTA 18, NO USAR, E-1 ENT","41.39708, 2.15485",Good,
"Via Augusta 18, Pta. 1",Catalunya,Barcelona,"VIA AUGUSTA 18, NO USAR, 1-A","41.39708, 2.15485",Good,
"Via Augusta 18, Pta BJ",Catalunya,Barcelona,"VIA AUGUSTA 18, BJO, LOCAL","41.39708, 2.15485",Good,
Écija,Andalucia,Sevilla,"AV GENIL (DEL) 17, LC ASEPEYO","37.53432, -5.07822",Good,
L'Hospitalet de Llobregat,Catalunya,Barcelona,"AV CARRILET 223, LOC-3, ASEPEYO","41.36044, 2.11007",Good,
Albacete,Cast. La Mancha,Albacete,"C/ JUAN DE TOLEDO, 1, Bajo","39.00027, -1.8606",Good,
Mollet del Vallès,Catalunya,Barcelona,"AV JAUME I 190, BJO","41.54119, 2.21393",Good,
Granollers,Catalunya,Barcelona,"Alfons Iv, 27-31","41.60466, 2.28826",Good,
Sant Feliu de Llobregat,Catalunya,Barcelona,"JOSEP RICART 6, BJO-1, BAJOS","41.38023, 2.05357",Good,
Sants,Catalunya,Barcelona,"LLANÇA 51, TORRE LLANSA, ENT-1","41.38055, 2.14416",Good,
Mercabarna,Catalunya,Barcelona,"MBARNA-L7 0, PARCELA S/N 8, 8-I","41.32564, 2.11717",Good,
Martorell SOS,Catalunya,Barcelona,"AV PAU CLARIS 18, LOC-2","41.47655, 1.92235",Good,
Martorell,Catalunya,Barcelona,"AV PAU CLARIS 18, LOC-2","41.47655, 1.92236",Good,
Martorell-2,Catalunya,Barcelona,PS CATALUNYA 8,"41.47779, 1.92331",Good,
Manresa,Catalunya,Barcelona,CIRCUNVAL·LACIO 2,"41.72731, 1.82492",Good,
Sabadell,Catalunya,Barcelona,"RD RAMBLA PONENT 8, BJO","41.54443, 2.10031",Good,
Molins de Rei,Catalunya,Barcelona,CALLE SALVADOR SEGUI Nº10,"41.40485, 2.02429",Good,
Sagrera,Catalunya,Barcelona,"AV MERIDIANA 235, LOC, VTA AUTOS","41.41933, 2.18661",Good,
Vic-1,Catalunya,Girona,PZ ESTACIO 5,"41.93131, 2.24938",Good,
Vic-2,Catalunya,Girona,"PZ ESTACIO 7, BJO","41.93118, 2.24968",Good,
Gavà,Catalunya,Barcelona,"RB LLUCH 15, 8195, BJO","41.30377, 2.00945",Good,
El Prat de Llobregat,Catalunya,Barcelona,"JAUME CASANOVAS 190, BJO-1","41.32296, 2.09386",Good,
El Prat de Llobregat,Catalunya,Barcelona,"JAUME CASANOVAS 190, BJO-1","41.32296, 2.09387",Good,
Cerdanyola del Vallés,Catalunya,Barcelona,"AV CATALUNYA 49, LOC-1","41.49305, 2.1436",Good,
Casp,Catalunya,Barcelona,"CASP 76, LOCAL, CENTRE ASIS.","41.39258, 2.17524",Good,
Mataró,Catalunya,Barcelona,CN RAL 608,"41.53254, 2.4383",Good,
Sant Boi de Llobregat,Catalunya,Barcelona,"SANT JOAN BOSCO 38, LOC, ASSISTENCIA","41.34033, 2.04532",Good,
Eloy Gonzalo,Madrid,Madrid,"Eloy Gonzalo, 23","40.43457, -3.70085",Good,
Alcalá de Henares,Madrid,Madrid,"Vía Complutense, 83","40.48847, -3.35684",Good,
Ciudad Lineal,Madrid,Madrid,"Alcalá, 463","40.43921, -3.63379",Good,
Utebo,Aragon,Zaragoza,"C. Rumanía, 1D, 50180 Utebo, Zaragoza","41.71003, -1.0122",Good,
Fuenlabrada,Madrid,Madrid,"Avda. de la Constitución, 63","40.28118, -3.78545",Good,
Legazpi,Madrid,Madrid,"Pº  de las Delicias, 135","40.39225, -3.69449",Good,
Francisco Silvela,Madrid,Madrid,"Francisco Silvela, 79-81","40.43648, -3.67702",Good,
Móstoles-2,Madrid,Madrid,"Los Maestros, 3","40.32668, -3.87971",Good,
Pinto,Madrid,Madrid,"C/ SALVADOR DALI, 11-BIS , Bajo","40.23828, -3.69881",Good,
Torrejón de Ardoz,Madrid,Madrid,"Avda. de la  Constitución, 99","40.45732, -3.47391",Good,
Villaverde Alto,Madrid,Madrid,"C/ DOMINGO PARRAGA, 52, Bajo 3","40.34218, -3.71345",Good,
Alcobendas,Madrid,Madrid,"Pº de Chopera, 28-30","40.53868, -3.63813",Good,
Arganda del Rey,Madrid,Madrid,"Avda. de Madrid, 28","40.30558, -3.45761",Good,
Las Rozas,Madrid,Madrid,"Ronda de la Plazuela, 9","40.49174, -3.87765",Good,
Valdemoro,Madrid,Madrid,"Pº de la Estación, 4-6","40.19131, -3.67316",Good,
Collado Villalba,Madrid,Madrid,"Camino del Molino, 21","40.62605, -4.02581",Good,
Humanes,Madrid,Madrid,"Ramón y Cajal, 15","40.25982, -3.82122",Good,
Tres Cantos,Madrid,Madrid,"Avda. de la Industria, 56","40.61481, -3.70278",Good,
Ávila,Cast. León,Ávila,"C/ LOS HORNOS CALEROS, 37-2, 1º 5","40.65084, -4.67614",Good,
Badajoz,Extremadura,Badajoz,"Av. Juan Pereda Pila, 16","38.86908, -6.97433",Good,
Cáceres,Extremadura,Cáceres,"Avda. Hernán Cortés, 36","39.47611, -6.3794",Good,
Cuenca,Cast. La Mancha,Cuenca,CALLE HERMANOS BECERRIL Nº24,"40.06152, -2.13184",Good,
Guadalajara,Cast. La Mancha,Guadalajara,"C/ SATURNINO CALLEJA, 2-BIS , Bajo","40.64222, -3.14556",Good,
Palencia,Cast. León,Palencia,"Avda CASTILLA, 65, Bajo 4","42.00739, -4.53497",Good,
Salamanca,Cast. León,Salamanca,"P.º ESTACION, 27, Bajo 3","40.96957, -5.65608",Good,
Segovia,Cast. León,Segovia,PE PASEO CONDE DE SEPULVEDA 00022 * CL IN IC,"40.93823, -4.11492",Good,
Soria,Cast. León,Soria,"C/ EDUARDO SAAVEDRA, 65, Bajo 2","41.75906, -2.47485",Good,
Talavera de la Reina,Cast. La Mancha,Toledo,"CALLE BANDERAS DE CASTILLA Nº2,","39.9624, -4.82503",Good,
Tarragona,Catalunya,Tarragona,"AV CATALUNYA 43, BJO","41.12334, 1.2471",Good,
Toledo,Cast. La Mancha,Toledo,"C/ ECUADOR, 4","39.86706, -4.02978",Good,
Valladolid,Cast. León,Valladolid,"Avda SALAMANCA, 1, Bajo 1","41.65895, -4.73447",Good,
Zamora,Cast. León,Zamora,"Avda PORTUGAL, 7, Bajo 5","41.50501, -5.73981",Good,
Ciudad Real,Cast. La Mancha,Ciudad Real,CL CALLE RAMON Y CAJAL 00012 * CL IN IC,"38.98422, -3.92683",Good,
Ciudad Real-2,Cast. La Mancha,Ciudad Real,CL CALLE CUCHILLERIA 00004   1,"38.98492, -3.92794",Good,
León,Cast. León,León,"P.º LA CHANTRIA, 10, Bajo","42.58798, -5.57177",Good,
Ponferrada,Cast. León,León,CL CALLE GENERAL VIVES 00058 * CL IN IC,"42.54905, -6.58381",Good,
Puertollano,Cast. La Mancha,Ciudad Real,AV AVENIDA PRIMERO DE MAYO 00042 DU CL IN IC,"38.68643, -4.10314",Good,
Valdepeñas,Cast. La Mancha,Ciudad Real,"Seis de Junio, 49","38.76295, -3.38692",Good,
Alcázar de San Juan,Cast. La Mancha,Ciudad Real,Cl Poetisa Isabel Prieto 5,"39.39303, -3.22067",Good,
Villanueva de la Serena,Extremadura,Badajoz,"Plza.  Corazón de Jesús, 11","38.97051, -5.7996",Good,
Mérida,Extremadura,Badajoz,"Av. Reina Sofía, s/n., bloque 1,","38.91228, -6.33515",Good,
Las Palmas,Canarias,Las Palmas,AV JUAN XXIII 8.CTRO ASISTEN.,"28.1199, -15.42498",Good,
Tenerife,Canarias,Tenerife,"AV SALLE (DE LA) 28 DUP, ASEPEYO, BJO, OFIC.SEGURO","28.4609, -16.25703",Good,
Tenerife 2,Canarias,Tenerife,"AV SALLE (DE LA) 19 DUP, ASEPEYO, OFICINA","28.46086, -16.25679",Good,
Gran Canaria Sur,Canarias,Las Palmas,CL PARTERA LEONORITA 4 LOCAL LOCAL,"27.76616, -15.57402",Good,
Tenerife Sur,Canarias,Tenerife,"AV ARQUITECTO GOMEZ CUESTA 6, PLAYA AZUL 2, LOC-5-","28.06573, -16.72887",Good,
Lanzarote,Canarias,Las Palmas,CL NEPTUNO 5 LOCAL.DECORACION.,"28.96587, -13.54904",Good,
Las Palmas - Puerto de la Luz,Canarias,Las Palmas,"AV PETROLIFERAS 0, DARS. EXT., LOC, CENTR. MEDIC","28.15406, -15.41403",Good,
Santa Cruz de La Palma,Canarias,Tenerife,"Avda. Marítima, 77 (Edificio Aroda","28.68771, -17.75975",Good,
Telde,Canarias,Las Palmas,AV CONSTITUCION 2.CLINICA.,"27.9988, -15.41453",Good,
Huesca,Aragon,Huesca,"PZ SAN ANTONIO 10, LOC","42.13543, -0.40799",Good,
Huesca,Aragon,Huesca,"PZ SAN ANTONIO 10, LOC, .","42.13543, -0.40799",Good,
Lleida,Catalunya,Lleida,"COMTESSA ELVIRA 13, BJO-1, TODO ELECTRI","41.62175, 0.62139",Good,
Tarragona Piso,Catalunya,Tarragona,"AV CATALUNYA 45, 1-1","41.12339, 1.24682",Good,
Zaragoza,Aragon,Zaragoza,"AV NAVARRA 73, LOC, MUTUA ACCID","41.65532, -0.90753",Good,
Girona,Catalunya,Girona,CALLE JOAN TORRO I CABRATOSA Nº24,"41.96458, 2.80788",Good,
Eivissa,Islas Baleares,Eivissa,"AV IGNASI WALLIS 39, LOCAL 6","38.9122, 1.43022",Good,
Palma de Mallorca,Islas Baleares,Palma de Mallorca,"Ramón Berenguer III, 12","39.57895, 2.65126",Good,
Ciutadella,Islas Baleares,Ciutadella,"Algaiarens, 3","40.00525, 3.84251",Good,
Maó,Islas Baleares,Maó,"Font i Vidal, 1","39.88679, 4.25352",Good,
Palamós,Catalunya,Girona,"BARCELONA 10, LOC, LOCAL 2","41.85056, 3.12398",Good,
Cervera,Catalunya,Lleida,"CALLE VIDAL DE MONTPALAU Nº15, ESC BAJO","41.67381, 1.27257",Good,
Utebo,Aragon,Zaragoza,"PG EL AGUILA 0, CONSULTORIO",,Good,
Manacor,Islas Baleares,Manacor,"Vía Portugal, 6","39.56609, 3.21342",Good,
Olot,Catalunya,Girona,AVENIDA DELS REIS CATOLICS Nº40,"42.18427, 2.48124",Good,
Figueres,Catalunya,Girona,"MIGDIA 3, ASEPEYO, LOC, MUTUA","42.26324, 2.96772",Good,
Sabiñánigo,Aragon,Huesca,"AV HUESCA 0, ASEGURADORA","42.51566, -0.36249",Good,
Valls,Catalunya,Tarragona,"PS ESTACIO DE L' 5, LOCAL 4","41.28644, 1.25472",Good,
Alcañiz,Aragon,Teruel,"AV GALAN BERGUA 31, BJO, A","41.05109, -0.12799",Good,
Reus,Catalunya,Tarragona,"AV MARIA FORTUNY 2, BJO-1","41.15305, 1.11548",Good,
Alicante,C. Valenciana,Alicante,"Avda JAIME I, 2, Bajo 3","38.36737, -0.49668",Good,
Almería,Andalucia,Almería,"Avda. Cabo de Gata, 25 . Edf. Vista Bahía","36.83213, -2.45809",Good,
Cartagena,Murcia,Cartagena,"Carlos III, 10-A","37.6055, -0.98991",Good,
Castellón,C. Valenciana,Castellón,"C/ GRAN VIA TARREGA MONTEBLANCO, 16","39.98437, -0.04796",Good,
Elche,C. Valenciana,Alicante,"CL BARCHELL 23 CENTRO,0","38.26987, -0.66969",Good,
Murcia,Murcia,Murcia,"Avda. Don Juan de Borbón, 16","37.99417, -1.12419",Good,
Olula del Río,Andalucia,Almería,AVENIDA ALMANZORA Nº10,"37.35557, -2.29575",Good,
Valencia Baleares,C. Valenciana,Valencia,"Avda BALEARES, 16, Bajo Izq","39.46293, -0.35497",Good,
Paterna,C. Valenciana,Valencia,"Avda. Vicente Mortes, 100","39.51066, -0.45263",Good,
Silla,C. Valenciana,Valencia,"Avda. Alacant, 60 / Jose Peman","39.36524, -0.40737",Good,
Benidorm,C. Valenciana,Alicante,"C/ LA NUCIA, 4, 15 Edif. MarinaTolls II","38.54507, -0.1322",Good,
Alzira,C. Valenciana,Valencia,"C/ Trinidad Redal Dufaur, 53 ","39.1440 , -0.43133",Good,
Gandía-1,C. Valenciana,Valencia,"Plaça Parc de l'Estació, 20","38.97122, -0.18039",Good,
Gandía-2,C. Valenciana,Valencia,"Calderón de la Barca, 392","38.97133, -0.17996",Good,
Valencia Cid,C. Valenciana,Valencia,"Avda CID, 146, Bajo 01","39.47015, -0.41031",Good,
Valencia Cid,C. Valenciana,Valencia,"Senda San Miguel de Soternes, 36, VALENCIA","39.47015, -0.41031",Good,
Almussafes,C. Valenciana,Valencia,"Avda DE LA FOIA (PG REY JUAN CARLOS I), 8 esc. 1,","39.30676, -0.41322",Good,
Almussafes,C. Valenciana,Valencia,"Avda DE LA FOIA (PG REY JUAN CARLOS I), 8 esc. 1,","39.30676, -0.41322",Good,
A Coruña,Galicia,La Coruña,"Avda. Alfonso Molina, 8","43.36016, -8.40527",Good,
Ferrol,Galicia,La Coruña,"Gl. Poeta Uxio Novoneira, 1","43.48633, -8.21818",Good,
Teruel,Aragon,Teruel,"PS OVALO 9, ASEPEYO","40.34053, -1.10771",Good,
Ourense,Galicia,Ourense,"Avda. do Regato, 1-3 (prolongación Ntra. Sra. de la Sainza-Rotonda C/. Zamora)","42.32441, -7.86311",Good,
Pontevedra,Galicia,Pontevedra,"Avda. Vigo, 34 (Edif. Oriente","42.42383, -8.63962",Good,
Vigo,Galicia,Pontevedra,"CL Barcelona, 37","42.22585, -8.72342",Good,
Vilagarcía de Arousa,Galicia,Pontevedra,"Rua José Fariña Ferreño, 13 bajo1","42.59208, -8.76296",Good,
Vilagarcía de Arousa,Galicia,Pontevedra,,,Good,
Santiago de Compostela,Galicia,La Coruña,AVENIDA BARCELONA 27,"42.8708, -8.56126",Good,
Burgos,Cast. León,Burgos,"C/ VITORIA, 54, Bajo 2","42.34326, -3.68841",Good,
Vitoria,Pais Vasco,Álava,"C/ PARAGUAY, 36, Bajo 5","42.86011, -2.67757",Good,
San Sebastian,Pais Vasco,Guipuzcoa,"C/ NEMESIO ETXANIZ, 8 , BAJO , LOCA","43.31157, -1.97084",Good,https://drive.google.com/file/d/1iSLxEue-TItY_Nn60bhf_n8NZAxFfAKM/view
Llodio,Pais Vasco,Álava,"Plaza Alberto Acero, 6","43.14117, -2.96418",Good,
Logroño,La Rioja,Logroño,"Avda. Madrid, 2","42.45529, -2.44829",Good,
Pamplona,Navarra,Pamplona,"C/ ESQUIROZ, 43 , BAJO , 5","42.80323, -1.65153",Good,
Santander,Cantabria,Santander,MARQUES DE LA HERMIDA 26  BAJ D01,"43.45472, -3.81656",Good,
Santander Oficina,Cantabria,Santander,CL MARQUES DE LA HERMIDA 28  BAJ,"43.45469, -3.8167",Good,
Bilbao,Pais Vasco,Vizcaya,"Avda. Sabino Arana, 33-35","43.26068, -2.94609",Good,
Azpeitia,Pais Vasco,Guipuzcoa,"Avda LANDETA HIRIBIDEA, 1 , BAJO","43.17829, -2.25937",Good,
Azpeitia,Pais Vasco,Guipuzcoa,"Avda LANDETA HIRIBIDEA, 1 , BAJO , 13","43.17829, -2.25938",Good,
Portugalete,Pais Vasco,Vizcaya,"San Juan Bautista, 1","43.32257, -3.02527",Good,
Bergara,Pais Vasco,Guipuzcoa,"Amilaga Kalea, 29","43.12663, -2.42309",Good,
Basauri,Pais Vasco,Vizcaya,"C/ URBI Kalea, 21, Bajo 7","43.23699, -2.87785",Good,
Tolosa,Pais Vasco,Guipuzcoa,"C/ IGARONDO KALEA, 7 , BAJO , 1","43.13703, -2.07077",Good,
Tudela,Navarra,Tudela,"Carretera Alfaro, 34","42.06445, -1.61439",Good,
Durango,Pais Vasco,Vizcaya,"Murueta, Torre 2 A","43.172, -2.6311",Good,
Algeciras,Andalucia,Cadíz,"CARRETERA RINCONCILLO 1-GOLETA, BAJO Local 001","36.1535, -5.44682",Good,
Cádiz,Andalucia,Cadíz,"Avda. De Andalucía, 52-54-56 (Bajos)","36.51822, -6.28394",Good,
Córdoba,Andalucia,Córdoba,"1º1, Av. de América, 7, Centro ","37.89059, -4.78247",Good,
Córdoba,Andalucia,Córdoba,"DOCE DE OCTUBRE 21, ASPEYO, LOC",,Good,
Granada,Andalucia,Granada,"CAMINO DE RONDA 172, PRINCESA-2, ASEPEYO","37.18083, -3.61217",Good,
Huelva,Andalucia,Huelva,AVENIDA ALEMANIA Nº0,"37.25654, -6.95757",Good,
Jaén,Andalucia,Jaén,"AV ANDALUCIA 11, BJO, Y","37.77706, -3.79243",Good,
Jerez de la Frontera,Andalucia,Cadíz,"LEALAS 43, BJO, Y","36.69057, -6.14278",Good,
Cogullada,Aragon,Zaragoza,"AV CATALUÑA 102, CTRO ASIST.","41.66288, -0.86294",Good,
Málaga,Andalucia,Málaga,"CALLE ESLAVA Nº14, LOCAL","36.71416, -4.43097",Good,
Marbella,Andalucia,Málaga,"Avda.Severo Ochoa, 23","36.50894, -4.88065",Good,
Fuengirola,Andalucia,Málaga,"AV SANTA AMALIA 0, EDIFICIO MIRAMAR PYA, E-009, AM","36.53132, -4.62757",Good,
San Pedro Alcantara,Andalucia,Málaga,"UR CIUDAD JARDIN (C/ SANTA GEMA) 1, EDIFICIO MATRO","36.49086, -4.99143",Good,
Pozoblanco,Andalucia,Córdoba,CALLE C/ SAN CRISTOBAL 8 LOCAL BAJO esquina C/ ALM,"38.37774, -4.85906",Good,
Avilés,Asturias,Asturias,AV SAN AGUSTIN 12 BAJO,"43.55478, -5.92966",Good,
Gijón,Asturias,Asturias,"CL ENRIQUE MARTINEZ 15 BAJO,1","43.53674, -5.65285",Good,
Oviedo,Asturias,Asturias,"CL GENERAL ELORZA 28 BAJO,3","43.36629, -5.84367",Good,
Vilafranca del Panadès,Catalunya,Barcelona,"Bisbe Panyelles, 17 - local 3","41.34383, 1.70197",Good,
Terrassa,Catalunya,Barcelona,"COL.LEGI 6, LOCALS, LOC, LOCAL-1","41.56038, 2.01052",Good,
Getafe,Madrid,Madrid,"San Vicente, 7","40.30703, -3.72591",Good,
Lorca,Murcia,Lorca,"Jerónimo Santa Fe, 39  Edificio San Jorge","37.66671, -1.70214",Good,
Melilla,Andalucia,Melilla,CL GENERAL MARINA No 13 B,"35.29264, -2.9408",Good,
El Prat de Llobregat,Catalunya,Barcelona,Plaça Mestre Estalella,"41.323, 2.09393",Good,
Chamartin,Madrid,Madrid,"C/ ENRIQUE LARRETA, 10-1, Bajo","40.46812, -3.68638",Good,
Hospital Sevilla-La Cartuja,Andalucia,Sevilla,"AMERICO VESPUCIO 0, PARCELA TA 22.1, MUTUA MEDICA","37.40305, -6.00844",Good,
Hospital de Sant Cugat,Catalunya,Barcelona,"AV ALCALDE BARNILS 0, EDIFICIO S/N ASEPEYO","41.48933, 2.07851",Good,
Hospital de Coslada,Madrid,Madrid,AV AVENIDA SAN PABLO 00031 AT CL IN IC,"40.43619, -3.53148",Good,
